,file_name,workflow_total_time,workflow_total_tokens,single_total_time,single_total_tokens,task_type,target_column,model_trained,train_rmse,train_r2,validation_rmse,validation_r2,test_rmse,test_r2,predictor_risk_detected,predictor_risk_summary,all_features,used_features,removed_features,suspicious_features_flagged,importance_A,importance_B,importance_C,importance_ID,final_conclusion
0,single_agent_run_0_20260329_024029_281412.json,24.746562509004434,21664,24.746562509004434,21664,regression,Y,RandomForestRegressor,,,,,,,True,"Feature 'B' shows unusually high importance, which may indicate a potential data leakage or correlation issue.","A, B, C, ID","A, B, C, ID",,B,0.2119280288752833,0.7448683196046425,0.019438596883362635,0.023765054636711667,"The initial RandomForestRegressor model shows good performance on the training set but a drop in performance on the validation set, indicating potential overfitting. Feature 'B' is highly dominant, suggesting a risk of data leakage or correlation issues. Further investigation is needed to ensure robust generalization."
1,single_agent_run_0_20260411_151125_092915.json,19.50801866199936,11676,19.50801866199936,11676,regression,Y,RandomForestRegressor,,,,,,,True,"Feature 'B' shows unusually high importance, which may indicate a risk of overfitting or data leakage.","A, B, C, ID","A, B, C, ID",,B,0.1970779160513079,0.765274904748665,0.016255589749819666,0.021391589450207322,"The RandomForestRegressor model shows good performance on the test set with an RMSE of 2.09 and R-squared of 0.91. However, feature 'B' has a disproportionately high importance, suggesting potential overfitting or data leakage. Further investigation into this feature is recommended before deploying the model."
2,single_agent_run_0_20260411_154629_763282.json,17.624443408000843,16924,17.624443408000843,16924,regression,Y,LinearRegression,,,,,,,False,,"X1, X2, X3, X4","X1, X2, X3, X4",,,,,,,"An initial linear regression model was trained and evaluated. The feature importances were derived from the regression coefficients. No immediate predictor risks were detected, but further investigation may be needed to improve predictive performance."
3,single_agent_run_0_20260411_155037_764902.json,38.20281629299734,52413,38.20281629299734,52413,regression,Y,RandomForestRegressor,0.9707290023483458,0.9832678842188765,2.4054443280948554,0.8911668709710614,2.2395248878764815,0.8987913639290466,True,"Feature 'A' shows a high correlation with the target, which might indicate a risk of overfitting if it carries leakage information.","A, B, C","A, B, C",,A,0.9409808688258033,0.03611906484738171,0.022900066326815096,,"The model performs well on both validation and test sets, but there is a risk associated with feature 'A', which has a high correlation with the target. This feature could introduce leakage if it is directly or indirectly conveying target-related information. Further domain-specific investigation is recommended."
4,single_agent_run_0_20260411_160401_583016.json,26.30273007299911,26997,26.30273007299911,26997,regression,Y,LinearRegression,,,,,,,True,"Feature 'B' was found to be overly dominant in the initial model, suggesting it might not generalize well. It was removed in the revised model.","A, B, C","A, C",B,B,2.7331712660342125,,0.12335864886463353,,"The initial model showed signs of overfitting with feature 'B' being overly dominant. A revised model using Linear Regression without 'B' showed much lower R-squared values, indicating the challenge of predicting the target variable without 'B'. This suggests 'B' encapsulates crucial information that other features do not capture. Further investigation into the nature of 'B' is recommended to ensure its robustness for predictive modeling."
5,single_agent_run_0_20260411_163502_728098.json,13.494137534000402,15825,13.494137534000402,15825,regression,Y,,,,,,,,False,,,,,,,,,,
6,single_agent_run_0_20260411_173310_433810.json,16.277841063998494,13823,16.277841063998494,13823,regression,Y,RandomForestRegressor,,,,,,,True,"Feature 'B' has an unusually high importance, which may indicate overfitting or data leakage.","A, B, C, ID","A, B, C, ID",,B,0.22227519,0.73873925,0.01638735,0.02259821,"The RandomForestRegressor model exhibits strong performance on the training set but shows some decrease in performance on the validation set. Feature 'B' appears overly dominant, suggesting potential data leakage or overfitting."
7,single_agent_run_0_20260411_174421_698348.json,30.09570022999833,40385,30.09570022999833,40385,regression,Y,RandomForestRegressor,0.9541865559982167,,2.2707029516615034,,2.5275849299335214,,True,The feature B shows a dominant importance which might indicate a risk of overfitting or data leakage.,"A, B, C","A, B, C",,B,0.2273042,0.75135376,0.02134204,,"The RandomForestRegressor model shows good performance on training data but a decrease in performance on validation and test data suggesting potential overfitting. Feature B exhibits high importance, indicating a potential risk which needs further investigation."
8,single_agent_run_1_20260411_151159_000919.json,25.004224155999964,24184,25.004224155999964,24184,regression,Y,RandomForestRegressor,,,,,,,True,"Feature 'B' shows unusually high importance, which may indicate a potential data leakage or correlation issue.","A, B, C, ID","A, B, C, ID",,B,0.2119280288752833,0.7448683196046425,0.019438596883362635,0.023765054636711667,"The RandomForestRegressor model shows good performance on the test set, but the high importance of feature 'B' suggests a potential risk of data leakage or correlation issue. Further investigation is needed to ensure the model's robustness and generalization capability."
9,single_agent_run_1_20260411_154702_507266.json,24.700666795998586,29099,24.700666795998586,29099,regression,Y,RandomForestRegressor,,,,,,,True,"Feature 'ID' is likely a unique identifier, which generally should not be used for prediction as it can lead to overfitting.","A, B, C, ID","A, B, C, ID",,ID,0.21192803,0.74486832,0.0194386,0.02376505,"The initial model shows good performance on training data but reduced generalization on validation data. The feature 'ID' has been used, which is not advisable as it is likely a unique identifier. Excluding 'ID' and re-evaluating the model might improve generalization."
10,single_agent_run_1_20260411_155128_650416.json,40.912299138997696,26107,40.912299138997696,26107,regression,Y,RandomForestRegressor,,,,,,,True,"Feature 'B' shows a very high importance value, which might indicate it has a strong correlation or leakage issue with the target 'Y'. Additionally, 'ID' has a non-zero importance which is unusual for an identifier.","A, B, C, ID","A, B, C, ID",,"B, ID",0.2119280288752833,0.7448683196046425,0.019438596883362635,0.023765054636711667,"The RandomForestRegressor model shows good performance on the training data but with a slight drop in validation and test R-squared values indicating a potential overfitting issue. The feature 'B' is highly predictive which could indicate a correlation or leakage problem. Additionally, 'ID' being an identifier should not have predictive power, suggesting a potential issue in feature engineering or dataset leakage."
11,single_agent_run_1_20260411_160421_484162.json,18.13510240299911,13095,18.13510240299911,13095,regression,Y,RandomForestRegressor,0.9678490609571043,0.9831493685715241,2.318175512090314,0.9111699085564225,,,True,"Feature 'B' shows unusually high importance, suggesting potential data leakage or correlation issues.","A, B, C, ID","A, B, C, ID",,B,0.22227519,0.73873925,0.01638735,0.02259821,"The model performs well on the training data but less so on the validation set, indicating possible overfitting. Feature 'B' shows a suspiciously high importance, suggesting it might be leaking information about the target 'Y'. Further investigation into feature 'B' is needed to ensure model robustness and generalization."
12,single_agent_run_1_20260411_163520_462647.json,16.6935326060011,11157,16.6935326060011,11157,regression,Y,RandomForestRegressor,,,,,,,True,The feature 'ID' appears to be a suspicious feature as it may not have a meaningful predictive power but still contributes some importance. It may lead to data leakage if it encodes information directly related to the target.,"A, B, C, ID","A, B, C, ID",,ID,0.22227518910469185,0.7387392548063251,0.01638734632210776,0.022598209766875415,"The RandomForestRegressor model shows high performance on training data but slightly reduced performance on validation data, indicating a potential overfitting. The feature 'ID' is flagged as suspicious due to its potential to cause data leakage. Further investigation and possibly removal or transformation of 'ID' is recommended to prevent overfitting and ensure better generalization."
13,single_agent_run_1_20260411_173335_770662.json,20.826404114999605,15387,20.826404114999605,15387,regression,Y,RandomForestRegressor,,,,,,,True,The feature 'B' appears to have a disproportionately high importance which may indicate leakage or some form of data dependency.,"A, B, C, ID","A, B, C, ID",,B,0.2119280288752833,0.7448683196046425,0.019438596883362635,0.023765054636711667,"The initial Random Forest Regressor model shows strong performance on the training data but a drop in performance on validation and test data, suggesting some overfitting. Feature 'B' dominates the model importance, which raises concerns about potential data leakage or overfitting due to its high influence. Further investigation into feature 'B' is recommended before deploying the model in a real-world scenario."
14,single_agent_run_1_20260411_174506_256098.json,34.12765517399748,34723,34.12765517399748,34723,regression,Y,RandomForestRegressor,0.9418075067193824,0.9848754833211327,2.47426897225295,0.8734698523428079,2.091303156899869,0.9081292549908547,True,"Feature 'B' shows unusually high importance, which may indicate data leakage or overfitting.","A, B, C, ID","A, B, C, ID",,B,0.19707792,0.7652749,0.01625559,0.02139159,"The model shows good performance on the test set with an R-squared of 0.91, but feature 'B' has a dominant influence, which could be problematic. Further investigation into feature 'B' is advised to ensure no leakage or overfitting occurs."
15,single_agent_run_2_20260411_163547_259030.json,25.119481117998475,18096,25.119481117998475,18096,regression,Y,RandomForestRegressor,,,,,,,True,"Feature B shows unusually high importance, suggesting it may be overly dominant or potentially leaking information.","A, B, C, ID","A, B, C, ID",,B,0.21192803,0.74486832,0.0194386,0.02376505,"The model achieved good performance on training data but showed a drop in validation performance, indicating potential overfitting. Feature B's high importance may suggest a correlation leak or dominance, warranting further investigation."
16,single_agent_run_2_20260411_173349_651963.json,12.17359238500103,13439,12.17359238500103,13439,regression,Y,RandomForestRegressor,,,,,,,False,,"A, B, C","A, B, C",,,0.22971056906127166,0.7494933030750416,0.02079612786368683,,"The RandomForestRegressor model shows a good fit on the training data with an R-squared of 0.98 and a reasonable performance on the test data with an R-squared of 0.90. Feature B is the most important predictor. No suspicious predictors were detected, but further validation may be necessary to ensure robustness."
17,single_agent_run_3_20260411_163558_920552.json,6.858911462999458,8867,6.858911462999458,8867,classification or regression,,,,,,,,,False,,,,,,,,,,Failed to load and analyze the dataset. The process couldn't proceed beyond this point.
18,single_agent_run_3_20260411_173421_620636.json,23.682396356001846,24308,23.682396356001846,24308,regression,Y,RandomForestRegressor,0.9418075067193824,0.9848754833211327,2.47426897225295,0.8734698523428079,,,True,The feature 'ID' appears to be suspicious due to its non-informative nature in predictive modeling and could be causing data leakage.,"A, B, C, ID","A, B, C, ID",,ID,0.1970779160513079,0.765274904748665,0.016255589749819666,0.021391589450207322,"The initial model shows good performance on the training set but indicates overfitting on the validation set. The inclusion of 'ID' as a feature raises concerns about data leakage, and its removal or investigation is recommended in subsequent modeling passes."
19,single_agent_run_4_20260411_163629_630607.json,24.407823008999003,21937,24.407823008999003,21937,regression,Y,LinearRegression,,,,,,,True,The low R-squared values and relatively high RMSE indicate that the model does not explain a large portion of the variance in the data and may not generalize well to unseen data.,"X1, X2, X3, X4","X1, X2, X3, X4",,,,,,,"The Linear Regression model trained on the dataset shows limited predictive power with low R-squared values across the train, validation, and test sets. The feature importances suggest that 'X1' has the highest positive impact while 'X2' has a significant negative impact. However, the model's performance indicates that it may not generalize well to unseen data, warranting further investigation into potential feature interactions, non-linear relationships, or additional data preprocessing steps."
